user_id,name,email
1,Erica Murray,smithkyle@example.net
2,Michelle Hughes,tammy87@example.org
3,Amanda Gamble,thomas13@example.com
4,Jessica Gonzalez,natalie65@example.com
5,Thomas Lewis,klarson@example.org
6,Heather Krueger,yflores@example.com
7,David Yates,davidjohnson@example.net
8,Jennifer Martinez,michaelbarnes@example.net
9,Emily Gonzalez,mosssamuel@example.com
10,Julie Murray,courtneymacdonald@example.com
11,Michelle Contreras,alanhale@example.net
12,David Chavez,nelsonmichelle@example.org
13,Carol Baker,whill@example.net
14,Jeffrey Gillespie,stewartbrian@example.org
15,Antonio Robinson,maryrodgers@example.com
16,Rebecca Hensley,browntyler@example.net
17,David Bonilla,thomasfrederick@example.org
18,David Herrera,robertsonkari@example.com
19,Ronald Williams,gnguyen@example.org
20,Frances Rodriguez DVM,qgreen@example.net
21,April Williams,yoderamy@example.org
22,Bryan Ashley,osuarez@example.net
23,Johnny Harris,rickywyatt@example.org
24,Katherine Ramirez,atkinsoneric@example.com
25,Keith Grimes,morgandana@example.org
26,Kevin Pollard,duncanjessica@example.net
27,Steven Silva,oarias@example.com
28,Michael Leblanc II,colethomas@example.net
29,Jared Watson,hicksemily@example.net
30,Elizabeth Rodriguez,april26@example.com
31,Isaac Anderson,thompsonchristopher@example.net
32,Patricia Jones,bryanfuller@example.org
33,Robert Hanson,williamsshelley@example.org
34,Lynn Hickman,vanessanewton@example.org
35,Maria Allen,bthompson@example.net
36,Brett Mosley,hillamy@example.org
37,Robert Brown,jay55@example.com
38,Ryan Glenn,wendymunoz@example.com
39,Jessica Rodgers,allisonlane@example.net
40,Nichole Flowers,vgonzalez@example.com
41,Sharon Smith,johnsonjessica@example.com
42,Michael Estrada,ricky71@example.com
43,Dr. Brett Perez,karen56@example.com
44,Joshua Stewart,clinechristopher@example.net
45,Andrew Gray,nhunter@example.com
46,Lori Blackwell,bradygina@example.com
47,Robert Ferguson,suttonkaren@example.com
48,Karen Johnson,david34@example.com
49,Dr. Shari Taylor,melanie34@example.com
50,Brenda Taylor,jack62@example.com
